{"cameraMode":{"drawMode":0,"name":"Shaded","section":"Shading Mode"},"sceneLighting":false,"audioPlay":false,"sceneViewState":{"m_AlwaysRefresh":false,"showFog":true,"showSkybox":false,"showFlares":true,"showImageEffects":true,"showParticleSystems":true,"showVisualEffectGraphs":true,"m_FxEnabled":true},"in2DMode":false,"pivot":{"x":-7.350801467895508,"y":2.6500797271728517,"z":-55.94441223144531},"rotation":{"x":0.0007473560981452465,"y":0.987797737121582,"z":-0.15567219257354737,"w":0.004742382559925318},"size":4.774449348449707,"orthographic":false}