{"cameraMode":{"drawMode":0,"name":"Shaded","section":"Shading Mode"},"sceneLighting":false,"audioPlay":false,"sceneViewState":{"m_AlwaysRefresh":false,"showFog":true,"showSkybox":false,"showFlares":true,"showImageEffects":true,"showParticleSystems":true,"showVisualEffectGraphs":true,"m_FxEnabled":true},"in2DMode":false,"pivot":{"x":0.01595538854598999,"y":0.7396546602249146,"z":-0.12384021282196045},"rotation":{"x":0.0007473560981452465,"y":0.987797737121582,"z":-0.15567219257354737,"w":0.004742382559925318},"size":1.2297559976577759,"orthographic":false}