{"cameraMode":{"drawMode":0,"name":"Shaded","section":"Shading Mode"},"sceneLighting":false,"audioPlay":false,"sceneViewState":{"m_AlwaysRefresh":false,"showFog":true,"showSkybox":false,"showFlares":true,"showImageEffects":true,"showParticleSystems":true,"showVisualEffectGraphs":true,"m_FxEnabled":true},"in2DMode":false,"pivot":{"x":-6.193972587585449,"y":2.221841812133789,"z":-43.94175720214844},"rotation":{"x":0.0007473560981452465,"y":0.987797737121582,"z":-0.15567219257354737,"w":0.004742382559925318},"size":6.900997161865234,"orthographic":false}