{"cameraMode":{"drawMode":0,"name":"Shaded","section":"Shading Mode"},"sceneLighting":false,"audioPlay":false,"sceneViewState":{"m_AlwaysRefresh":false,"showFog":true,"showSkybox":false,"showFlares":true,"showImageEffects":true,"showParticleSystems":true,"showVisualEffectGraphs":true,"m_FxEnabled":true},"in2DMode":false,"pivot":{"x":4.690000057220459,"y":3.4100003242492677,"z":-20.58981704711914},"rotation":{"x":0.0007473560981452465,"y":0.987797737121582,"z":-0.15567219257354737,"w":0.004742382559925318},"size":4.439743518829346,"orthographic":false}